id,label,image
19682,cat,19682.png
33580,dog,33580.png
20076,dog,20076.png
8135,dog,8135.png
46350,cat,46350.png
47902,cat,47902.png
28632,cat,28632.png
6080,cat,6080.png
12327,dog,12327.png
11156,dog,11156.png
17442,cat,17442.png
23516,dog,23516.png
1816,cat,1816.png
41047,dog,41047.png
24078,cat,24078.png
35685,dog,35685.png
28992,cat,28992.png
47914,dog,47914.png
47210,dog,47210.png
36490,cat,36490.png
12568,dog,12568.png
45039,cat,45039.png
41344,cat,41344.png
31199,cat,31199.png
40997,cat,40997.png
4244,cat,4244.png
21199,dog,21199.png
15280,cat,15280.png
31150,dog,31150.png
32109,cat,32109.png
25663,dog,25663.png
12203,dog,12203.png
44155,dog,44155.png
41036,cat,41036.png
15754,cat,15754.png
7873,cat,7873.png
46607,dog,46607.png
9249,cat,9249.png
30113,dog,30113.png
21575,cat,21575.png
17010,dog,17010.png
35670,cat,35670.png
28254,cat,28254.png
31914,cat,31914.png
32406,cat,32406.png
37528,dog,37528.png
7756,dog,7756.png
23489,dog,23489.png
42434,cat,42434.png
46291,cat,46291.png
30232,dog,30232.png
24576,dog,24576.png
4734,dog,4734.png
36625,cat,36625.png
42374,cat,42374.png
13357,dog,13357.png
5521,cat,5521.png
28070,dog,28070.png
9843,cat,9843.png
38428,dog,38428.png
44198,cat,44198.png
6090,cat,6090.png
45483,dog,45483.png
45858,cat,45858.png
23950,dog,23950.png
25634,cat,25634.png
17056,dog,17056.png
7032,dog,7032.png
45543,cat,45543.png
14270,cat,14270.png
4350,cat,4350.png
10826,cat,10826.png
36122,dog,36122.png
25984,cat,25984.png
20235,cat,20235.png
48908,cat,48908.png
5602,cat,5602.png
8955,dog,8955.png
43238,cat,43238.png
9971,cat,9971.png
36146,cat,36146.png
37332,dog,37332.png
35933,dog,35933.png
543,dog,543.png
38841,dog,38841.png
8806,dog,8806.png
27408,cat,27408.png
41140,dog,41140.png
37987,dog,37987.png
15725,dog,15725.png
20282,cat,20282.png
46816,cat,46816.png
17142,dog,17142.png
9121,cat,9121.png
37422,cat,37422.png
26546,dog,26546.png
43591,dog,43591.png
46930,dog,46930.png
14356,dog,14356.png
5510,dog,5510.png
20448,cat,20448.png
36693,dog,36693.png
21371,dog,21371.png
24327,dog,24327.png
11954,dog,11954.png
21740,cat,21740.png
24715,dog,24715.png
30976,cat,30976.png
42101,dog,42101.png
18688,dog,18688.png
33338,cat,33338.png
21768,dog,21768.png
47108,dog,47108.png
35591,dog,35591.png
48391,cat,48391.png
619,cat,619.png
14792,dog,14792.png
38601,dog,38601.png
46205,cat,46205.png
22701,cat,22701.png
34688,dog,34688.png
4789,dog,4789.png
49971,cat,49971.png
18935,dog,18935.png
4885,dog,4885.png
49299,cat,49299.png
40366,cat,40366.png
9492,dog,9492.png
23511,dog,23511.png
40054,dog,40054.png
6576,dog,6576.png
23207,dog,23207.png
3668,dog,3668.png
15471,cat,15471.png
33268,cat,33268.png
42039,dog,42039.png
40106,dog,40106.png
35472,dog,35472.png
26502,dog,26502.png
15846,dog,15846.png
39749,dog,39749.png
9317,dog,9317.png
25158,dog,25158.png
36945,dog,36945.png
35698,cat,35698.png
35932,cat,35932.png
15550,dog,15550.png
44582,dog,44582.png
11934,dog,11934.png
29303,dog,29303.png
42951,dog,42951.png
47161,dog,47161.png
4476,cat,4476.png
43396,dog,43396.png
2904,cat,2904.png
11334,cat,11334.png
37747,dog,37747.png
20954,cat,20954.png
40181,dog,40181.png
35498,dog,35498.png
47916,cat,47916.png
26162,cat,26162.png
43468,dog,43468.png
2731,dog,2731.png
41929,dog,41929.png
27348,dog,27348.png
42925,dog,42925.png
19435,dog,19435.png
39791,dog,39791.png
10908,dog,10908.png
26364,dog,26364.png
1500,cat,1500.png
5962,dog,5962.png
29483,dog,29483.png
8949,dog,8949.png
31191,dog,31191.png
27110,dog,27110.png
23519,dog,23519.png
13531,cat,13531.png
25241,dog,25241.png
46355,cat,46355.png
40766,dog,40766.png
584,cat,584.png
286,dog,286.png
4204,dog,4204.png
1299,dog,1299.png
40431,dog,40431.png
43250,dog,43250.png
10083,dog,10083.png
13284,dog,13284.png
34408,cat,34408.png
42275,dog,42275.png
12013,dog,12013.png
5696,dog,5696.png
14238,cat,14238.png
31227,dog,31227.png
14559,cat,14559.png
43763,cat,43763.png
8909,cat,8909.png
46075,dog,46075.png
7051,cat,7051.png
3452,dog,3452.png
10178,cat,10178.png
45058,cat,45058.png
48799,cat,48799.png
18652,cat,18652.png
20923,dog,20923.png
39439,cat,39439.png
30098,cat,30098.png
48115,dog,48115.png
29374,dog,29374.png
7546,dog,7546.png
37669,cat,37669.png
19538,dog,19538.png
12437,cat,12437.png
15445,cat,15445.png
8587,dog,8587.png
20280,dog,20280.png
40352,dog,40352.png
18756,cat,18756.png
30625,cat,30625.png
33239,cat,33239.png
9135,dog,9135.png
48006,cat,48006.png
26908,cat,26908.png
26278,dog,26278.png
46441,dog,46441.png
15874,cat,15874.png
24029,dog,24029.png
37126,dog,37126.png
13602,cat,13602.png
33941,cat,33941.png
44497,dog,44497.png
35950,dog,35950.png
22880,dog,22880.png
39663,dog,39663.png
31407,cat,31407.png
6596,cat,6596.png
14466,dog,14466.png
4449,dog,4449.png
32144,cat,32144.png
9035,cat,9035.png
1504,dog,1504.png
9847,cat,9847.png
18084,dog,18084.png
28331,cat,28331.png
335,cat,335.png
25855,dog,25855.png
10732,cat,10732.png
39071,dog,39071.png
39652,cat,39652.png
29862,cat,29862.png
35235,dog,35235.png
20748,dog,20748.png
47235,cat,47235.png
33881,cat,33881.png
34607,cat,34607.png
29797,dog,29797.png
37805,cat,37805.png
22524,cat,22524.png
19691,dog,19691.png
11186,dog,11186.png
38530,dog,38530.png
23296,cat,23296.png
33008,cat,33008.png
8464,dog,8464.png
20689,dog,20689.png
32924,cat,32924.png
48639,cat,48639.png
17832,cat,17832.png
20008,cat,20008.png
13931,dog,13931.png
20372,cat,20372.png
28340,dog,28340.png
7291,cat,7291.png
39167,cat,39167.png
32278,dog,32278.png
9538,dog,9538.png
9753,cat,9753.png
9983,cat,9983.png
37006,cat,37006.png
21828,cat,21828.png
48850,cat,48850.png
31032,dog,31032.png
13603,cat,13603.png
29032,dog,29032.png
48413,dog,48413.png
8303,cat,8303.png
33057,dog,33057.png
18062,dog,18062.png
44022,dog,44022.png
25546,cat,25546.png
22914,cat,22914.png
1034,dog,1034.png
10000,dog,10000.png
33916,cat,33916.png
2650,cat,2650.png
38384,cat,38384.png
22236,dog,22236.png
43010,dog,43010.png
34304,dog,34304.png
13094,cat,13094.png
37039,cat,37039.png
8685,dog,8685.png
18357,cat,18357.png
4548,dog,4548.png
43383,cat,43383.png
11565,cat,11565.png
15596,cat,15596.png
26456,cat,26456.png
39230,dog,39230.png
14235,cat,14235.png
3577,dog,3577.png
2746,dog,2746.png
28943,cat,28943.png
30780,cat,30780.png
4741,dog,4741.png
23783,dog,23783.png
3101,cat,3101.png
183,dog,183.png
43800,cat,43800.png
27151,dog,27151.png
12559,cat,12559.png
3779,dog,3779.png
20060,dog,20060.png
31029,dog,31029.png
19801,dog,19801.png
36220,cat,36220.png
45440,cat,45440.png
5355,cat,5355.png
37177,cat,37177.png
48737,dog,48737.png
45637,dog,45637.png
15857,cat,15857.png
26975,cat,26975.png
8948,cat,8948.png
38571,dog,38571.png
39286,dog,39286.png
41155,cat,41155.png
37476,cat,37476.png
6136,cat,6136.png
13927,dog,13927.png
15170,cat,15170.png
41026,dog,41026.png
8052,dog,8052.png
26890,dog,26890.png
33307,dog,33307.png
26383,dog,26383.png
26915,dog,26915.png
15007,dog,15007.png
48133,cat,48133.png
16155,cat,16155.png
27264,cat,27264.png
32927,dog,32927.png
45743,dog,45743.png
12833,dog,12833.png
25803,cat,25803.png
24435,cat,24435.png
24379,dog,24379.png
45478,dog,45478.png
25806,dog,25806.png
8283,dog,8283.png
43694,dog,43694.png
39317,dog,39317.png
34854,cat,34854.png
22431,dog,22431.png
31066,cat,31066.png
48190,dog,48190.png
34756,dog,34756.png
2607,cat,2607.png
27486,cat,27486.png
3654,dog,3654.png
19727,cat,19727.png
49891,dog,49891.png
19864,dog,19864.png
42581,dog,42581.png
44121,cat,44121.png
39713,dog,39713.png
28575,cat,28575.png
40406,dog,40406.png
28439,dog,28439.png
46064,dog,46064.png
340,dog,340.png
10810,cat,10810.png
5919,cat,5919.png
35749,dog,35749.png
625,dog,625.png
5336,dog,5336.png
19624,dog,19624.png
26590,dog,26590.png
32615,cat,32615.png
35453,dog,35453.png
23405,dog,23405.png
20088,dog,20088.png
32557,dog,32557.png
30663,dog,30663.png
20054,dog,20054.png
27667,dog,27667.png
26690,cat,26690.png
33298,dog,33298.png
17722,dog,17722.png
47050,cat,47050.png
33956,cat,33956.png
13246,dog,13246.png
40233,cat,40233.png
8508,cat,8508.png
45964,dog,45964.png
11604,dog,11604.png
43814,cat,43814.png
10006,cat,10006.png
31079,cat,31079.png
17639,dog,17639.png
57,dog,57.png
28122,cat,28122.png
9052,cat,9052.png
47448,dog,47448.png
12883,cat,12883.png
4436,cat,4436.png
29769,cat,29769.png
49300,cat,49300.png
32940,cat,32940.png
37641,cat,37641.png
15835,cat,15835.png
8787,cat,8787.png
10654,cat,10654.png
46562,cat,46562.png
21463,cat,21463.png
32999,cat,32999.png
45505,dog,45505.png
43956,cat,43956.png
37569,dog,37569.png
19177,dog,19177.png
2072,dog,2072.png
37157,cat,37157.png
25548,cat,25548.png
36918,cat,36918.png
36158,cat,36158.png
22738,dog,22738.png
40878,cat,40878.png
28506,dog,28506.png
33478,dog,33478.png
11862,dog,11862.png
21127,dog,21127.png
34085,dog,34085.png
20716,dog,20716.png
29443,cat,29443.png
21460,cat,21460.png
49919,cat,49919.png
20930,cat,20930.png
11744,cat,11744.png
48518,cat,48518.png
23254,cat,23254.png
36088,cat,36088.png
8374,dog,8374.png
682,dog,682.png
31633,cat,31633.png
46230,cat,46230.png
28890,dog,28890.png
42034,dog,42034.png
5699,dog,5699.png
24839,dog,24839.png
38374,dog,38374.png
22358,dog,22358.png
45270,dog,45270.png
3800,dog,3800.png
1364,cat,1364.png
29951,cat,29951.png
37409,cat,37409.png
48111,dog,48111.png
9105,dog,9105.png
46326,cat,46326.png
35550,cat,35550.png
26044,cat,26044.png
3017,cat,3017.png
33281,cat,33281.png
17651,cat,17651.png
40612,cat,40612.png
21970,cat,21970.png
6695,dog,6695.png
45052,dog,45052.png
19614,cat,19614.png
5967,cat,5967.png
46962,dog,46962.png
29002,cat,29002.png
332,cat,332.png
33425,dog,33425.png
13866,dog,13866.png
5850,dog,5850.png
21852,cat,21852.png
20594,cat,20594.png
27771,dog,27771.png
8989,cat,8989.png
17190,dog,17190.png
44849,dog,44849.png
8732,dog,8732.png
25325,cat,25325.png
47885,dog,47885.png
29924,cat,29924.png
25556,dog,25556.png
18800,dog,18800.png
10870,cat,10870.png
27460,dog,27460.png
16367,cat,16367.png
38983,cat,38983.png
574,dog,574.png
20850,cat,20850.png
8757,dog,8757.png
46526,dog,46526.png
36715,cat,36715.png
11875,cat,11875.png
18994,cat,18994.png
178,dog,178.png
1648,dog,1648.png
45369,dog,45369.png
19069,cat,19069.png
18601,dog,18601.png
46530,cat,46530.png
4916,cat,4916.png
6339,dog,6339.png
23832,dog,23832.png
35787,dog,35787.png
24607,cat,24607.png
11113,dog,11113.png
4021,cat,4021.png
15762,dog,15762.png
18129,dog,18129.png
23386,dog,23386.png
11513,cat,11513.png
26877,cat,26877.png
36160,cat,36160.png
4178,cat,4178.png
44145,cat,44145.png
30868,dog,30868.png
5476,cat,5476.png
2907,dog,2907.png
46763,dog,46763.png
4073,cat,4073.png
1345,dog,1345.png
29576,dog,29576.png
14988,dog,14988.png
17153,dog,17153.png
1540,cat,1540.png
40055,cat,40055.png
39863,cat,39863.png
44161,dog,44161.png
24296,dog,24296.png
8794,dog,8794.png
48263,cat,48263.png
38499,dog,38499.png
5007,cat,5007.png
37471,dog,37471.png
37947,dog,37947.png
2748,dog,2748.png
40444,dog,40444.png
11726,dog,11726.png
10295,dog,10295.png
41120,dog,41120.png
8864,cat,8864.png
27442,cat,27442.png
2010,dog,2010.png
23691,cat,23691.png
60,cat,60.png
32754,dog,32754.png
21348,cat,21348.png
49883,dog,49883.png
24175,cat,24175.png
37430,cat,37430.png
18122,dog,18122.png
44508,cat,44508.png
47921,dog,47921.png
40689,dog,40689.png
25285,dog,25285.png
432,dog,432.png
17920,cat,17920.png
38242,dog,38242.png
18999,cat,18999.png
28156,cat,28156.png
43534,cat,43534.png
24840,cat,24840.png
16232,cat,16232.png
7519,dog,7519.png
24649,dog,24649.png
14016,dog,14016.png
48453,cat,48453.png
39188,cat,39188.png
570,dog,570.png
31255,cat,31255.png
30775,cat,30775.png
4995,cat,4995.png
4309,cat,4309.png
1077,cat,1077.png
22494,dog,22494.png
43222,dog,43222.png
28426,dog,28426.png
11497,dog,11497.png
27735,cat,27735.png
6406,cat,6406.png
39109,cat,39109.png
22760,cat,22760.png
23978,cat,23978.png
3773,cat,3773.png
31901,cat,31901.png
23190,cat,23190.png
6109,cat,6109.png
43957,dog,43957.png
33160,cat,33160.png
32802,dog,32802.png
8975,cat,8975.png
2411,dog,2411.png
47900,dog,47900.png
26473,cat,26473.png
17836,cat,17836.png
45154,dog,45154.png
34737,dog,34737.png
16151,dog,16151.png
46904,dog,46904.png
25904,dog,25904.png
37966,cat,37966.png
18088,dog,18088.png
3222,dog,3222.png
9623,dog,9623.png
44860,cat,44860.png
19873,cat,19873.png
31697,dog,31697.png
25664,cat,25664.png
28613,dog,28613.png
37538,dog,37538.png
49610,cat,49610.png
8593,cat,8593.png
46467,cat,46467.png
43419,dog,43419.png
35103,cat,35103.png
45437,dog,45437.png
44220,cat,44220.png
48244,cat,48244.png
33553,dog,33553.png
38628,dog,38628.png
22343,dog,22343.png
38782,cat,38782.png
13360,dog,13360.png
25186,cat,25186.png
38216,cat,38216.png
21450,dog,21450.png
25020,cat,25020.png
40905,dog,40905.png
21704,cat,21704.png
39153,cat,39153.png
1483,dog,1483.png
46483,dog,46483.png
29872,cat,29872.png
41476,dog,41476.png
1720,dog,1720.png
45671,cat,45671.png
23000,dog,23000.png
13122,dog,13122.png
43141,dog,43141.png
41270,cat,41270.png
44803,cat,44803.png
41135,cat,41135.png
30764,dog,30764.png
22339,dog,22339.png
44197,dog,44197.png
16838,cat,16838.png
25250,dog,25250.png
18929,dog,18929.png
9006,cat,9006.png
41515,cat,41515.png
44629,cat,44629.png
47205,cat,47205.png
21234,dog,21234.png
36796,cat,36796.png
49509,dog,49509.png
1847,cat,1847.png
11520,dog,11520.png
30794,dog,30794.png
446,cat,446.png
42990,dog,42990.png
24552,cat,24552.png
45192,cat,45192.png
35544,dog,35544.png
16340,cat,16340.png
7682,cat,7682.png
7427,cat,7427.png
7939,dog,7939.png
3266,dog,3266.png
25013,dog,25013.png
38693,dog,38693.png
9930,dog,9930.png
14780,cat,14780.png
23972,dog,23972.png
3179,cat,3179.png
25085,cat,25085.png
36036,dog,36036.png
25205,dog,25205.png
12392,cat,12392.png
48163,cat,48163.png
12114,cat,12114.png
33634,cat,33634.png
13063,cat,13063.png
42954,cat,42954.png
48119,cat,48119.png
43705,cat,43705.png
13086,cat,13086.png
31528,cat,31528.png
20346,cat,20346.png
35272,cat,35272.png
37121,cat,37121.png
45915,cat,45915.png
12729,dog,12729.png
34006,cat,34006.png
21833,cat,21833.png
731,cat,731.png
40776,cat,40776.png
22306,dog,22306.png
35164,cat,35164.png
32140,cat,32140.png
31274,dog,31274.png
12476,cat,12476.png
34392,dog,34392.png
21535,dog,21535.png
16932,dog,16932.png
24704,dog,24704.png
3473,cat,3473.png
45569,cat,45569.png
29423,dog,29423.png
15528,dog,15528.png
41230,cat,41230.png
9294,cat,9294.png
1592,dog,1592.png
41640,cat,41640.png
17616,cat,17616.png
32129,cat,32129.png
47081,dog,47081.png
21555,dog,21555.png
30205,cat,30205.png
17099,cat,17099.png
44269,dog,44269.png
5734,cat,5734.png
30588,cat,30588.png
685,cat,685.png
35113,dog,35113.png
44989,dog,44989.png
17786,cat,17786.png
16809,cat,16809.png
23262,cat,23262.png
942,cat,942.png
18158,cat,18158.png
39683,dog,39683.png
15556,cat,15556.png
8423,cat,8423.png
25951,cat,25951.png
18238,dog,18238.png
35395,dog,35395.png
42950,cat,42950.png
26955,dog,26955.png
28953,dog,28953.png
45992,dog,45992.png
42745,cat,42745.png
2885,dog,2885.png
32325,dog,32325.png
45441,dog,45441.png
9666,dog,9666.png
29604,dog,29604.png
46206,cat,46206.png
47983,cat,47983.png
21912,dog,21912.png
45375,dog,45375.png
29562,cat,29562.png
44094,cat,44094.png
6884,cat,6884.png
25826,cat,25826.png
4935,cat,4935.png
44268,cat,44268.png
21727,dog,21727.png
40400,cat,40400.png
1369,cat,1369.png
31568,cat,31568.png
29922,dog,29922.png
1977,dog,1977.png
1003,cat,1003.png
42366,cat,42366.png
8089,cat,8089.png
1802,dog,1802.png
11728,cat,11728.png
21917,dog,21917.png
24523,cat,24523.png
36555,cat,36555.png
30990,dog,30990.png
36758,dog,36758.png
40015,dog,40015.png
1105,cat,1105.png
36302,dog,36302.png
49090,cat,49090.png
14555,cat,14555.png
15384,cat,15384.png
41753,dog,41753.png
34998,cat,34998.png
22633,dog,22633.png
21811,dog,21811.png
11496,dog,11496.png
10746,cat,10746.png
33346,cat,33346.png
33738,dog,33738.png
42746,dog,42746.png
16853,dog,16853.png
15729,dog,15729.png
27414,cat,27414.png
28694,dog,28694.png
40507,cat,40507.png
23235,dog,23235.png
36872,dog,36872.png
32326,cat,32326.png
28173,dog,28173.png
15642,cat,15642.png
26358,cat,26358.png
20953,dog,20953.png
30357,dog,30357.png
4407,dog,4407.png
20141,dog,20141.png
29145,dog,29145.png
11184,cat,11184.png
1529,cat,1529.png
17779,dog,17779.png
13062,cat,13062.png
30733,dog,30733.png
48667,dog,48667.png
28264,dog,28264.png
17028,dog,17028.png
49015,dog,49015.png
43463,cat,43463.png
33143,dog,33143.png
2387,cat,2387.png
3389,dog,3389.png
13677,dog,13677.png
29756,dog,29756.png
15225,cat,15225.png
40270,dog,40270.png
38637,dog,38637.png
11235,cat,11235.png
45320,cat,45320.png
20157,dog,20157.png
14486,cat,14486.png
25029,cat,25029.png
37590,dog,37590.png
16865,cat,16865.png
1786,cat,1786.png
45381,cat,45381.png
36589,cat,36589.png
8684,dog,8684.png
1849,dog,1849.png
11753,cat,11753.png
1461,dog,1461.png
14576,cat,14576.png
24191,dog,24191.png
43340,cat,43340.png
35822,dog,35822.png
33093,cat,33093.png
48399,dog,48399.png
10092,dog,10092.png
38847,dog,38847.png
49923,cat,49923.png
45665,dog,45665.png
8267,cat,8267.png
5066,cat,5066.png
28825,cat,28825.png
32958,dog,32958.png
33802,cat,33802.png
5887,dog,5887.png
38583,dog,38583.png
5750,dog,5750.png
13686,dog,13686.png
10932,cat,10932.png
13958,cat,13958.png
16824,dog,16824.png
41799,dog,41799.png
26126,dog,26126.png
48342,dog,48342.png
28788,cat,28788.png
33915,cat,33915.png
8286,cat,8286.png
4466,cat,4466.png
38932,cat,38932.png
49317,dog,49317.png
26225,cat,26225.png
7141,dog,7141.png
28412,dog,28412.png
41537,cat,41537.png
41462,cat,41462.png
19106,dog,19106.png
16657,cat,16657.png
38989,dog,38989.png
28705,cat,28705.png
9398,dog,9398.png
23373,cat,23373.png
14141,dog,14141.png
11308,cat,11308.png
22189,dog,22189.png
3110,cat,3110.png
29550,dog,29550.png
21741,dog,21741.png
20084,dog,20084.png
7196,dog,7196.png
39400,cat,39400.png
2628,cat,2628.png
7735,cat,7735.png
12957,cat,12957.png
42829,dog,42829.png
13594,cat,13594.png
34189,dog,34189.png
20395,dog,20395.png
316,cat,316.png
34017,cat,34017.png
13652,dog,13652.png
32943,dog,32943.png
6209,cat,6209.png
7769,cat,7769.png
21683,dog,21683.png
37365,dog,37365.png
38339,cat,38339.png
40003,dog,40003.png
12975,dog,12975.png
22226,dog,22226.png
20466,cat,20466.png
34988,cat,34988.png
43085,cat,43085.png
9648,cat,9648.png
42224,cat,42224.png
14606,cat,14606.png
13051,dog,13051.png
49034,dog,49034.png
44302,dog,44302.png
18460,dog,18460.png
20893,cat,20893.png
11146,dog,11146.png
1121,cat,1121.png
27703,cat,27703.png
33040,dog,33040.png
11212,cat,11212.png
18522,dog,18522.png
45898,cat,45898.png
44285,dog,44285.png
12954,cat,12954.png
21240,cat,21240.png
25662,dog,25662.png
4640,dog,4640.png
33547,cat,33547.png
7352,dog,7352.png
3149,dog,3149.png
12450,cat,12450.png
1427,cat,1427.png
19155,dog,19155.png
36957,dog,36957.png
19618,cat,19618.png
13372,cat,13372.png
30100,dog,30100.png
27606,cat,27606.png
25628,cat,25628.png
33711,dog,33711.png
40273,dog,40273.png
15033,dog,15033.png
20838,dog,20838.png
3108,dog,3108.png
25139,cat,25139.png
33018,dog,33018.png
40585,cat,40585.png
10453,cat,10453.png
36426,cat,36426.png
48051,dog,48051.png
39544,cat,39544.png
12185,dog,12185.png
23049,cat,23049.png
19562,dog,19562.png
30690,dog,30690.png
378,cat,378.png
46881,cat,46881.png
33200,dog,33200.png
48913,cat,48913.png
27070,cat,27070.png
3838,dog,3838.png
13314,cat,13314.png
752,dog,752.png
18004,dog,18004.png
21117,cat,21117.png
15422,cat,15422.png
35062,dog,35062.png
10844,cat,10844.png
44453,dog,44453.png
45092,cat,45092.png
41873,cat,41873.png
22569,cat,22569.png
18374,cat,18374.png
49666,dog,49666.png
5271,dog,5271.png
39025,cat,39025.png
18268,dog,18268.png
48508,cat,48508.png
38100,dog,38100.png
45855,cat,45855.png
36568,cat,36568.png
28424,cat,28424.png
3287,cat,3287.png
3802,cat,3802.png
10507,cat,10507.png
3871,cat,3871.png
2271,cat,2271.png
43353,cat,43353.png
33811,cat,33811.png
4856,cat,4856.png
30953,dog,30953.png
19152,cat,19152.png
22274,cat,22274.png
43209,dog,43209.png
46605,cat,46605.png
40482,dog,40482.png
7440,cat,7440.png
7871,dog,7871.png
34112,dog,34112.png
46268,dog,46268.png
985,dog,985.png
48712,dog,48712.png
49619,cat,49619.png
40079,cat,40079.png
19026,cat,19026.png
11435,cat,11435.png
45883,dog,45883.png
810,cat,810.png
39014,cat,39014.png
24705,cat,24705.png
29625,dog,29625.png
34973,dog,34973.png
42038,cat,42038.png
38049,cat,38049.png
17620,dog,17620.png
49600,cat,49600.png
42493,cat,42493.png
23056,dog,23056.png
24619,cat,24619.png
49316,dog,49316.png
15944,dog,15944.png
11981,dog,11981.png
17865,cat,17865.png
14321,dog,14321.png
12441,cat,12441.png
46338,cat,46338.png
34711,cat,34711.png
24818,cat,24818.png
30881,cat,30881.png
48008,cat,48008.png
41566,dog,41566.png
19607,dog,19607.png
38022,dog,38022.png
48968,dog,48968.png
34008,dog,34008.png
23271,cat,23271.png
39731,dog,39731.png
21710,dog,21710.png
31862,cat,31862.png
1089,dog,1089.png
48089,cat,48089.png
9575,cat,9575.png
18388,cat,18388.png
24561,cat,24561.png
17932,dog,17932.png
28428,dog,28428.png
41341,dog,41341.png
12342,dog,12342.png
24554,dog,24554.png
4003,dog,4003.png
30574,cat,30574.png
30758,dog,30758.png
10898,dog,10898.png
30979,dog,30979.png
29243,dog,29243.png
43012,dog,43012.png
46677,dog,46677.png
35752,dog,35752.png
37195,cat,37195.png
7563,dog,7563.png
20734,dog,20734.png
33890,dog,33890.png
26907,cat,26907.png
36823,cat,36823.png
2764,dog,2764.png
9592,cat,9592.png
2183,dog,2183.png
46569,cat,46569.png
26858,dog,26858.png
43853,dog,43853.png
48786,dog,48786.png
25066,dog,25066.png
42933,dog,42933.png
20216,cat,20216.png
31911,cat,31911.png
21357,dog,21357.png
36074,dog,36074.png
20802,dog,20802.png
28658,cat,28658.png
22831,dog,22831.png
16048,dog,16048.png
37753,cat,37753.png
21544,dog,21544.png
46636,dog,46636.png
261,dog,261.png
38303,dog,38303.png
40764,dog,40764.png
19084,dog,19084.png
35880,dog,35880.png
12212,cat,12212.png
30849,cat,30849.png
39552,dog,39552.png
7690,cat,7690.png
44833,dog,44833.png
32560,dog,32560.png
11206,cat,11206.png
20513,dog,20513.png
46472,dog,46472.png
35903,dog,35903.png
6966,dog,6966.png
11656,cat,11656.png
37216,cat,37216.png
28509,dog,28509.png
26261,cat,26261.png
38210,cat,38210.png
26373,cat,26373.png
20808,dog,20808.png
25607,dog,25607.png
11451,dog,11451.png
22869,cat,22869.png
12572,dog,12572.png
14323,dog,14323.png
32505,cat,32505.png
28341,dog,28341.png
5424,cat,5424.png
44708,cat,44708.png
28063,dog,28063.png
34495,dog,34495.png
41813,dog,41813.png
39715,dog,39715.png
22906,cat,22906.png
29849,cat,29849.png
33917,cat,33917.png
26559,cat,26559.png
40870,cat,40870.png
18715,dog,18715.png
13605,dog,13605.png
41716,cat,41716.png
1917,cat,1917.png
30343,dog,30343.png
19836,dog,19836.png
3357,dog,3357.png
3651,cat,3651.png
32086,cat,32086.png
19072,dog,19072.png
29261,cat,29261.png
41413,cat,41413.png
818,dog,818.png
14925,cat,14925.png
36388,dog,36388.png
26155,cat,26155.png
44977,cat,44977.png
27446,dog,27446.png
38098,cat,38098.png
12622,dog,12622.png
8231,dog,8231.png
5508,cat,5508.png
44119,dog,44119.png
33879,dog,33879.png
31045,dog,31045.png
23198,cat,23198.png
16121,cat,16121.png
35843,dog,35843.png
17393,dog,17393.png
8197,dog,8197.png
39005,dog,39005.png
21673,cat,21673.png
46658,cat,46658.png
21732,cat,21732.png
41014,cat,41014.png
24032,cat,24032.png
25688,cat,25688.png
4851,dog,4851.png
9480,cat,9480.png
40374,dog,40374.png
10557,dog,10557.png
18986,dog,18986.png
4631,cat,4631.png
17531,cat,17531.png
24006,cat,24006.png
48057,dog,48057.png
43842,cat,43842.png
14731,cat,14731.png
10071,cat,10071.png
21148,cat,21148.png
38450,cat,38450.png
16654,dog,16654.png
20992,dog,20992.png
24125,cat,24125.png
19579,cat,19579.png
26324,cat,26324.png
41790,dog,41790.png
48041,cat,48041.png
22563,cat,22563.png
24178,cat,24178.png
218,dog,218.png
20033,cat,20033.png
47660,dog,47660.png
12331,dog,12331.png
46086,cat,46086.png
36604,dog,36604.png
31585,cat,31585.png
4111,cat,4111.png
25708,dog,25708.png
24284,dog,24284.png
31486,dog,31486.png
34889,dog,34889.png
6959,dog,6959.png
20419,cat,20419.png
43104,dog,43104.png
31961,dog,31961.png
27807,dog,27807.png
30396,dog,30396.png
23370,dog,23370.png
7998,cat,7998.png
13171,cat,13171.png
129,dog,129.png
47738,cat,47738.png
8503,dog,8503.png
9831,cat,9831.png
34049,dog,34049.png
33527,cat,33527.png
39784,dog,39784.png
11084,dog,11084.png
18488,cat,18488.png
6093,dog,6093.png
14156,cat,14156.png
46382,dog,46382.png
19013,dog,19013.png
31475,dog,31475.png
33260,dog,33260.png
34118,dog,34118.png
49823,cat,49823.png
11286,dog,11286.png
40827,cat,40827.png
24992,cat,24992.png
30897,cat,30897.png
31017,cat,31017.png
47510,dog,47510.png
43574,cat,43574.png
28634,dog,28634.png
48891,dog,48891.png
45109,dog,45109.png
27767,cat,27767.png
14478,dog,14478.png
30724,dog,30724.png
20416,dog,20416.png
45706,dog,45706.png
45084,dog,45084.png
4951,cat,4951.png
20821,cat,20821.png
8501,dog,8501.png
44264,cat,44264.png
40951,cat,40951.png
36081,cat,36081.png
39539,dog,39539.png
47197,cat,47197.png
3617,dog,3617.png
49243,dog,49243.png
11996,dog,11996.png
47285,cat,47285.png
14793,dog,14793.png
22658,dog,22658.png
46418,cat,46418.png
37522,dog,37522.png
42505,cat,42505.png
28489,cat,28489.png
34839,dog,34839.png
11764,cat,11764.png
19188,cat,19188.png
25703,dog,25703.png
3710,cat,3710.png
28968,dog,28968.png
38418,dog,38418.png
17804,cat,17804.png
25194,dog,25194.png
4452,dog,4452.png
33036,dog,33036.png
6423,cat,6423.png
21157,cat,21157.png
2315,dog,2315.png
47989,dog,47989.png
48525,cat,48525.png
46429,dog,46429.png
1331,dog,1331.png
35145,cat,35145.png
21793,dog,21793.png
16409,dog,16409.png
40067,cat,40067.png
19648,cat,19648.png
18415,cat,18415.png
933,dog,933.png
19488,dog,19488.png
4389,cat,4389.png
3491,cat,3491.png
26174,dog,26174.png
38344,dog,38344.png
19525,dog,19525.png
25357,dog,25357.png
6059,dog,6059.png
15476,dog,15476.png
14222,dog,14222.png
49241,cat,49241.png
26599,cat,26599.png
30934,cat,30934.png
35297,cat,35297.png
47603,dog,47603.png
718,cat,718.png
40890,dog,40890.png
43753,cat,43753.png
43405,dog,43405.png
12290,cat,12290.png
33007,dog,33007.png
9445,dog,9445.png
47689,dog,47689.png
4633,dog,4633.png
775,cat,775.png
2069,cat,2069.png
7681,cat,7681.png
41169,cat,41169.png
39074,cat,39074.png
38889,dog,38889.png
29796,dog,29796.png
36654,dog,36654.png
43810,dog,43810.png
29188,cat,29188.png
49833,cat,49833.png
10190,cat,10190.png
1153,dog,1153.png
4570,cat,4570.png
4839,dog,4839.png
26073,dog,26073.png
40939,dog,40939.png
43841,dog,43841.png
45418,dog,45418.png
27298,cat,27298.png
4473,cat,4473.png
47494,dog,47494.png
17037,cat,17037.png
32265,cat,32265.png
8512,dog,8512.png
4001,dog,4001.png
14033,cat,14033.png
22743,dog,22743.png
3633,dog,3633.png
1522,dog,1522.png
11073,dog,11073.png
41109,cat,41109.png
692,cat,692.png
19102,cat,19102.png
19256,cat,19256.png
22508,cat,22508.png
39968,dog,39968.png
14420,cat,14420.png
16929,cat,16929.png
33276,cat,33276.png
7561,dog,7561.png
39780,dog,39780.png
4582,cat,4582.png
1787,dog,1787.png
38710,dog,38710.png
29897,dog,29897.png
20145,cat,20145.png
26935,cat,26935.png
37162,cat,37162.png
34462,cat,34462.png
32786,dog,32786.png
43319,cat,43319.png
23595,cat,23595.png
34300,dog,34300.png
48787,dog,48787.png
19434,cat,19434.png
5040,dog,5040.png
11629,cat,11629.png
11078,dog,11078.png
24161,dog,24161.png
2510,dog,2510.png
42962,dog,42962.png
17019,cat,17019.png
30684,cat,30684.png
25775,dog,25775.png
22232,cat,22232.png
9384,dog,9384.png
4320,dog,4320.png
39981,cat,39981.png
10195,dog,10195.png
29272,dog,29272.png
42072,cat,42072.png
2131,cat,2131.png
44030,cat,44030.png
21266,dog,21266.png
32047,cat,32047.png
38776,dog,38776.png
31709,dog,31709.png
6334,dog,6334.png
17323,cat,17323.png
20345,cat,20345.png
2247,dog,2247.png
463,dog,463.png
30932,dog,30932.png
47236,dog,47236.png
34335,cat,34335.png
7666,cat,7666.png
48884,dog,48884.png
18498,cat,18498.png
7231,cat,7231.png
17592,dog,17592.png
1097,dog,1097.png
24970,dog,24970.png
48831,cat,48831.png
2433,cat,2433.png
13330,cat,13330.png
29202,cat,29202.png
11121,cat,11121.png
41720,cat,41720.png
24197,dog,24197.png
44435,dog,44435.png
6095,dog,6095.png
28787,cat,28787.png
11448,cat,11448.png
12871,cat,12871.png
47262,dog,47262.png
36058,dog,36058.png
39507,cat,39507.png
32511,cat,32511.png
16010,dog,16010.png
20204,cat,20204.png
33388,cat,33388.png
480,cat,480.png
44900,dog,44900.png
36475,cat,36475.png
47096,dog,47096.png
18175,dog,18175.png
33958,dog,33958.png
42357,dog,42357.png
11144,dog,11144.png
30507,dog,30507.png
676,dog,676.png
17048,cat,17048.png
2377,cat,2377.png
15285,cat,15285.png
13528,dog,13528.png
24129,dog,24129.png
9818,cat,9818.png
14019,cat,14019.png
10489,cat,10489.png
6795,dog,6795.png
35228,dog,35228.png
3290,cat,3290.png
6043,dog,6043.png
34123,dog,34123.png
35194,dog,35194.png
18774,dog,18774.png
21149,dog,21149.png
34060,dog,34060.png
41373,cat,41373.png
102,cat,102.png
24870,cat,24870.png
7473,dog,7473.png
7616,cat,7616.png
38685,cat,38685.png
1135,dog,1135.png
47787,dog,47787.png
32138,dog,32138.png
37658,cat,37658.png
32049,dog,32049.png
46598,dog,46598.png
5647,dog,5647.png
8083,cat,8083.png
45363,cat,45363.png
10022,cat,10022.png
26544,dog,26544.png
4457,dog,4457.png
23094,dog,23094.png
44980,dog,44980.png
38107,dog,38107.png
20869,cat,20869.png
47721,dog,47721.png
17452,cat,17452.png
2865,dog,2865.png
37922,dog,37922.png
7865,dog,7865.png
13174,dog,13174.png
2148,dog,2148.png
39464,dog,39464.png
29248,cat,29248.png
13190,cat,13190.png
151,cat,151.png
11526,dog,11526.png
6733,cat,6733.png
5129,cat,5129.png
35125,cat,35125.png
33821,dog,33821.png
18831,dog,18831.png
18090,cat,18090.png
3791,dog,3791.png
5005,dog,5005.png
25312,dog,25312.png
26088,cat,26088.png
20645,dog,20645.png
1125,cat,1125.png
24061,cat,24061.png
24712,dog,24712.png
43006,dog,43006.png
14233,cat,14233.png
3829,dog,3829.png
21874,cat,21874.png
24843,cat,24843.png
16248,dog,16248.png
25128,dog,25128.png
1609,cat,1609.png
23762,cat,23762.png
10754,cat,10754.png
29178,cat,29178.png
8031,cat,8031.png
7922,dog,7922.png
33295,dog,33295.png
35763,dog,35763.png
31048,dog,31048.png
6730,cat,6730.png
27541,cat,27541.png
15301,cat,15301.png
6578,dog,6578.png
45943,dog,45943.png
37677,dog,37677.png
22484,dog,22484.png
17665,cat,17665.png
33134,cat,33134.png
12317,cat,12317.png
46609,dog,46609.png
10321,cat,10321.png
6556,cat,6556.png
47112,dog,47112.png
37633,dog,37633.png
44440,dog,44440.png
2658,dog,2658.png
36104,dog,36104.png
6341,dog,6341.png
11248,dog,11248.png
3133,dog,3133.png
5018,cat,5018.png
20670,dog,20670.png
13191,dog,13191.png
18409,cat,18409.png
20532,cat,20532.png
37999,cat,37999.png
30987,cat,30987.png
25733,dog,25733.png
23383,cat,23383.png
33347,cat,33347.png
34147,cat,34147.png
18475,cat,18475.png
37218,cat,37218.png
38740,dog,38740.png
37830,cat,37830.png
42586,cat,42586.png
36665,cat,36665.png
2317,dog,2317.png
19497,cat,19497.png
23483,dog,23483.png
18138,dog,18138.png
27526,cat,27526.png
44314,cat,44314.png
31975,cat,31975.png
15873,cat,15873.png
7477,dog,7477.png
23623,cat,23623.png
2325,cat,2325.png
46735,dog,46735.png
20530,cat,20530.png
5474,cat,5474.png
36959,dog,36959.png
15104,dog,15104.png
6310,cat,6310.png
5431,cat,5431.png
30965,cat,30965.png
42495,dog,42495.png
35450,cat,35450.png
48303,dog,48303.png
20077,dog,20077.png
43111,cat,43111.png
45210,cat,45210.png
18947,dog,18947.png
13046,dog,13046.png
12383,cat,12383.png
37915,dog,37915.png
31495,dog,31495.png
29858,dog,29858.png
11681,cat,11681.png
39442,dog,39442.png
24706,cat,24706.png
37771,cat,37771.png
24629,dog,24629.png
42410,dog,42410.png
29503,cat,29503.png
31226,dog,31226.png
27094,dog,27094.png
39870,dog,39870.png
25723,dog,25723.png
45634,dog,45634.png
46188,dog,46188.png
33874,dog,33874.png
35776,dog,35776.png
25007,cat,25007.png
36726,cat,36726.png
997,dog,997.png
19796,cat,19796.png
37959,dog,37959.png
24657,dog,24657.png
32055,cat,32055.png
32016,dog,32016.png
1317,cat,1317.png
46863,cat,46863.png
48286,cat,48286.png
27258,dog,27258.png
6850,cat,6850.png
48936,dog,48936.png
33330,cat,33330.png
15990,dog,15990.png
40460,cat,40460.png
36981,cat,36981.png
30542,cat,30542.png
38241,dog,38241.png
48171,cat,48171.png
45416,cat,45416.png
48156,dog,48156.png
46606,cat,46606.png
5966,dog,5966.png
47490,dog,47490.png
3605,dog,3605.png
43817,dog,43817.png
6477,dog,6477.png
30635,cat,30635.png
7468,cat,7468.png
8194,cat,8194.png
371,cat,371.png
11597,cat,11597.png
27119,cat,27119.png
30928,dog,30928.png
12323,dog,12323.png
36971,cat,36971.png
34881,dog,34881.png
42483,cat,42483.png
44539,dog,44539.png
47964,cat,47964.png
8497,dog,8497.png
20172,dog,20172.png
26722,cat,26722.png
42854,cat,42854.png
42737,cat,42737.png
18971,cat,18971.png
3163,dog,3163.png
30818,cat,30818.png
5593,cat,5593.png
49501,cat,49501.png
44848,dog,44848.png
14528,cat,14528.png
46813,cat,46813.png
40435,dog,40435.png
9338,dog,9338.png
1701,cat,1701.png
45675,dog,45675.png
37709,dog,37709.png
36529,dog,36529.png
42971,cat,42971.png
27157,cat,27157.png
46309,cat,46309.png
9657,cat,9657.png
11771,dog,11771.png
16439,cat,16439.png
42134,cat,42134.png
45888,dog,45888.png
24820,dog,24820.png
3199,dog,3199.png
20570,cat,20570.png
39682,cat,39682.png
27560,cat,27560.png
34525,dog,34525.png
34217,dog,34217.png
36853,cat,36853.png
26545,cat,26545.png
36544,cat,36544.png
15252,cat,15252.png
48958,cat,48958.png
30208,dog,30208.png
6937,cat,6937.png
3070,dog,3070.png
27,cat,27.png
23123,cat,23123.png
47038,dog,47038.png
22210,cat,22210.png
36223,cat,36223.png
14495,cat,14495.png
27586,cat,27586.png
31937,cat,31937.png
13687,cat,13687.png
29686,cat,29686.png
46963,cat,46963.png
6221,dog,6221.png
13914,cat,13914.png
10596,cat,10596.png
44326,dog,44326.png
21656,cat,21656.png
2605,dog,2605.png
3249,cat,3249.png
7568,cat,7568.png
12275,dog,12275.png
47211,cat,47211.png
18007,cat,18007.png
5114,cat,5114.png
14455,cat,14455.png
46247,dog,46247.png
8154,cat,8154.png
36708,cat,36708.png
40848,cat,40848.png
40864,cat,40864.png
40250,cat,40250.png
15107,cat,15107.png
18479,dog,18479.png
21071,cat,21071.png
13503,cat,13503.png
4438,cat,4438.png
14188,cat,14188.png
21865,cat,21865.png
1626,cat,1626.png
49798,dog,49798.png
44128,cat,44128.png
42559,cat,42559.png
48327,cat,48327.png
1000,dog,1000.png
13282,cat,13282.png
32850,dog,32850.png
39067,dog,39067.png
12619,cat,12619.png
30810,cat,30810.png
1058,cat,1058.png
4121,dog,4121.png
2767,cat,2767.png
23460,dog,23460.png
25306,cat,25306.png
13252,dog,13252.png
20165,dog,20165.png
1635,dog,1635.png
5289,dog,5289.png
32401,cat,32401.png
17506,cat,17506.png
47184,dog,47184.png
11218,dog,11218.png
640,cat,640.png
28793,cat,28793.png
31575,dog,31575.png
6491,cat,6491.png
11237,cat,11237.png
49542,dog,49542.png
42153,dog,42153.png
43121,dog,43121.png
48658,cat,48658.png
45553,cat,45553.png
33455,dog,33455.png
7470,cat,7470.png
18188,cat,18188.png
38946,cat,38946.png
46425,cat,46425.png
81,cat,81.png
49723,dog,49723.png
15702,dog,15702.png
16541,dog,16541.png
39853,cat,39853.png
28901,dog,28901.png
27609,cat,27609.png
9739,cat,9739.png
11410,cat,11410.png
19277,cat,19277.png
16529,cat,16529.png
814,dog,814.png
20673,dog,20673.png
15398,cat,15398.png
35376,cat,35376.png
16229,cat,16229.png
27255,cat,27255.png
18730,dog,18730.png
12792,dog,12792.png
48053,cat,48053.png
13591,cat,13591.png
46597,cat,46597.png
20185,cat,20185.png
8739,cat,8739.png
3618,cat,3618.png
26161,cat,26161.png
40227,cat,40227.png
25948,cat,25948.png
27223,cat,27223.png
32256,dog,32256.png
17244,cat,17244.png
47293,cat,47293.png
22933,dog,22933.png
43127,cat,43127.png
37181,cat,37181.png
37397,dog,37397.png
13977,cat,13977.png
12120,dog,12120.png
15740,cat,15740.png
27894,dog,27894.png
24758,cat,24758.png
23008,dog,23008.png
47519,cat,47519.png
25063,cat,25063.png
22833,cat,22833.png
11033,dog,11033.png
26536,cat,26536.png
18984,dog,18984.png
30214,cat,30214.png
5982,dog,5982.png
28610,cat,28610.png
38892,cat,38892.png
12781,cat,12781.png
9927,cat,9927.png
7774,dog,7774.png
4923,dog,4923.png
24275,dog,24275.png
16970,dog,16970.png
39690,cat,39690.png
44107,dog,44107.png
47491,cat,47491.png
17047,cat,17047.png
43491,cat,43491.png
34535,dog,34535.png
26015,dog,26015.png
25260,cat,25260.png
17671,dog,17671.png
32393,cat,32393.png
32846,dog,32846.png
27402,dog,27402.png
27691,dog,27691.png
26011,dog,26011.png
38306,dog,38306.png
23987,cat,23987.png
12372,dog,12372.png
38840,dog,38840.png
4628,dog,4628.png
2413,cat,2413.png
3430,cat,3430.png
12909,dog,12909.png
39221,cat,39221.png
42552,cat,42552.png
23689,cat,23689.png
27434,cat,27434.png
6791,cat,6791.png
10222,dog,10222.png
32673,cat,32673.png
19170,dog,19170.png
29837,dog,29837.png
31095,cat,31095.png
14624,cat,14624.png
42941,dog,42941.png
27116,cat,27116.png
9395,cat,9395.png
29078,dog,29078.png
13949,dog,13949.png
25395,dog,25395.png
9041,cat,9041.png
18773,dog,18773.png
19450,cat,19450.png
20122,cat,20122.png
42539,dog,42539.png
24802,cat,24802.png
17333,dog,17333.png
14658,dog,14658.png
7813,cat,7813.png
39159,cat,39159.png
6650,cat,6650.png
7018,dog,7018.png
6784,cat,6784.png
37219,dog,37219.png
48815,cat,48815.png
17712,dog,17712.png
42605,cat,42605.png
14763,dog,14763.png
46537,dog,46537.png
21503,dog,21503.png
48600,cat,48600.png
8762,cat,8762.png
7805,cat,7805.png
1686,cat,1686.png
10,cat,10.png
30099,dog,30099.png
21401,cat,21401.png
853,dog,853.png
46786,dog,46786.png
8068,cat,8068.png
9949,dog,9949.png
30961,cat,30961.png
43536,dog,43536.png
2582,cat,2582.png
38148,cat,38148.png
32911,dog,32911.png
7680,dog,7680.png
39661,dog,39661.png
6619,cat,6619.png
10485,dog,10485.png
25231,dog,25231.png
5163,cat,5163.png
9021,cat,9021.png
48403,cat,48403.png
43867,dog,43867.png
11719,cat,11719.png
41514,cat,41514.png
6979,dog,6979.png
32450,cat,32450.png
11438,dog,11438.png
37454,cat,37454.png
31717,dog,31717.png
39635,cat,39635.png
21279,dog,21279.png
19650,cat,19650.png
8141,dog,8141.png
30394,dog,30394.png
8253,dog,8253.png
43072,dog,43072.png
32298,cat,32298.png
19006,cat,19006.png
4487,dog,4487.png
28974,dog,28974.png
21180,dog,21180.png
5414,dog,5414.png
34552,dog,34552.png
23219,cat,23219.png
41994,cat,41994.png
20592,cat,20592.png
39333,dog,39333.png
25944,cat,25944.png
33780,cat,33780.png
29521,cat,29521.png
6378,dog,6378.png
20034,cat,20034.png
1779,cat,1779.png
24190,cat,24190.png
40225,dog,40225.png
44153,cat,44153.png
34245,cat,34245.png
45942,dog,45942.png
36031,dog,36031.png
27923,dog,27923.png
44991,dog,44991.png
42739,cat,42739.png
18171,dog,18171.png
12469,dog,12469.png
19094,cat,19094.png
36075,cat,36075.png
30575,cat,30575.png
42171,dog,42171.png
47147,cat,47147.png
25954,cat,25954.png
3058,cat,3058.png
7104,dog,7104.png
33724,dog,33724.png
25273,dog,25273.png
44384,cat,44384.png
48723,cat,48723.png
3551,cat,3551.png
39540,dog,39540.png
4140,cat,4140.png
27017,dog,27017.png
47782,dog,47782.png
17432,dog,17432.png
4356,dog,4356.png
18914,dog,18914.png
38473,cat,38473.png
31730,dog,31730.png
23069,cat,23069.png
6203,dog,6203.png
14795,cat,14795.png
34902,cat,34902.png
18005,dog,18005.png
15341,dog,15341.png
30425,cat,30425.png
11903,cat,11903.png
9153,cat,9153.png
8155,dog,8155.png
30376,dog,30376.png
